{
  "projects": {
    "default": {
      "created": 1761097769.3838327,
      "notes": "",
      "artifacts": [
        {
          "type": "outline",
          "path": "data/default_outline.json",
          "summary": "Game outline created."
        },
        {
          "type": "level",
          "path": "assets/default_level_meadow_v1.json",
          "summary": "Level meadow_v1 generated."
        },
        {
          "type": "npcs",
          "path": "assets/default_npcs.json",
          "summary": "Basic NPCs created."
        },
        {
          "type": "dialogue",
          "path": "assets/default_dialogue.json",
          "summary": "Dialogue written."
        }
      ]
    }
  },
  "current_project": "default"
}